machine,device,mode,run,step,is_warmup,seq,total_ns,vjp_ns,gemm_ns,fill_ns,mask_ns,ewise_ns,transpose_ns,materialize_ns,accumulate_ns,loss_ns,vjp_calls,gemm_calls,mask_calls,nongemm_ns,nongemm_upper_ns
smoke-x86,cpu,fresh,1,0,1,0,1731481,1724622,1549759,0,50059,38329,0,897,554,60787,10,2,1,181722,181722
smoke-x86,cpu,fresh,1,1,1,1,1207084,1202044,1115888,0,33458,8555,0,675,375,40942,10,2,1,91196,91196
smoke-x86,cpu,fresh,1,2,1,2,520866,515728,453347,0,11738,9464,0,807,375,37906,10,2,1,67519,67519
smoke-x86,cpu,fresh,1,3,1,3,624835,620411,551686,0,14293,6823,0,610,389,44476,10,2,1,73149,73149
smoke-x86,cpu,fresh,1,4,1,4,402858,399638,354138,0,7541,4762,0,471,248,30884,10,2,1,48720,48720
smoke-x86,cpu,fresh,1,5,1,5,417693,414794,376063,0,7242,4582,0,470,241,24747,10,2,1,41630,41630
smoke-x86,cpu,fresh,1,6,1,6,426758,422231,366338,0,11364,7657,0,628,382,34176,10,2,1,60420,60420
smoke-x86,cpu,fresh,1,7,1,7,428846,425049,380349,0,10728,7180,0,605,314,24211,10,2,1,48497,48497
smoke-x86,cpu,fresh,1,8,1,8,574653,569999,499477,0,16208,8878,0,654,369,42179,10,2,1,75176,75176
smoke-x86,cpu,fresh,1,9,1,9,596831,591404,534293,0,12052,9875,0,771,427,31226,10,2,1,62538,62538
smoke-x86,cpu,fresh,1,10,1,10,701330,696847,614287,0,14995,8915,0,631,345,55919,10,2,1,87043,87043
smoke-x86,cpu,fresh,1,11,1,11,627094,623037,568565,0,16582,8340,0,591,357,26930,10,2,1,58529,58529
smoke-x86,cpu,fresh,1,12,1,12,555681,551720,484949,0,15112,8580,0,575,363,40344,10,2,1,70732,70732
smoke-x86,cpu,fresh,1,13,1,13,556657,552779,478429,0,16612,8353,0,574,350,46899,10,2,1,78228,78228
smoke-x86,cpu,fresh,1,14,1,14,661788,656340,577860,0,15162,10484,0,842,375,49324,10,2,1,83928,83928
smoke-x86,cpu,fresh,1,15,1,15,588097,584163,510410,0,16731,8722,0,599,328,45571,10,2,1,77687,77687
smoke-x86,cpu,fresh,1,16,1,16,611377,607308,541596,0,14909,9100,0,580,433,38974,10,2,1,69781,69781
smoke-x86,cpu,fresh,1,17,1,17,573329,568733,510261,0,16710,8356,0,786,393,30506,10,2,1,63068,63068
smoke-x86,cpu,fresh,1,18,1,18,598787,594723,525846,0,14424,8567,0,603,365,43113,10,2,1,72941,72941
smoke-x86,cpu,fresh,1,19,1,19,628082,623891,570974,0,14479,9020,0,617,308,26373,10,2,1,57108,57108
smoke-x86,cpu,fresh,1,20,0,20,670219,665313,604179,0,13915,9906,0,724,406,34146,10,2,1,66040,66040
smoke-x86,cpu,fresh,1,21,0,21,526522,521700,457207,0,14405,8757,0,679,421,38083,10,2,1,69315,69315
smoke-x86,cpu,fresh,1,22,0,22,545169,541300,469041,0,14034,8240,0,576,301,47424,10,2,1,76128,76128
smoke-x86,cpu,fresh,1,23,0,23,558510,554331,494445,0,13824,6586,0,585,289,36865,10,2,1,64065,64065
smoke-x86,cpu,fresh,1,24,0,24,494508,491115,443250,0,7539,5159,0,485,223,32963,10,2,1,51258,51258
smoke-x86,cpu,fresh,1,25,0,25,494088,491309,427205,0,7274,4793,0,434,222,50091,10,2,1,66883,66883
smoke-x86,cpu,fresh,1,26,0,26,459229,456408,421365,0,7547,4865,0,431,287,20682,10,2,1,37864,37864
smoke-x86,cpu,fresh,1,27,0,27,576178,570969,518282,0,12192,8111,0,816,337,29636,10,2,1,57896,57896
smoke-x86,cpu,fresh,1,28,0,28,516368,512023,452911,0,11509,7596,0,660,321,37311,10,2,1,63457,63457
smoke-x86,cpu,fresh,1,29,0,29,520787,516824,468692,0,11834,7494,0,582,328,26288,10,2,1,52095,52095
smoke-x86,cpu,fresh,1,30,0,30,480157,476151,426660,0,11381,7356,0,662,312,28225,10,2,1,53497,53497
smoke-x86,cpu,fresh,1,31,0,31,656829,652118,601532,0,12022,9922,0,773,430,25635,10,2,1,55297,55297
smoke-x86,cpu,fresh,1,32,0,32,682207,678059,622445,0,14842,8436,0,616,325,29336,10,2,1,59762,59762
smoke-x86,cpu,fresh,1,33,0,33,505742,501132,440835,0,11017,7364,0,595,370,39216,10,2,1,64907,64907
smoke-x86,cpu,fresh,1,34,0,34,483415,479408,427906,0,8885,7192,0,608,315,32738,10,2,1,55509,55509
smoke-x86,cpu,fresh,1,35,0,35,500174,496587,447036,0,9482,7062,0,530,317,30505,10,2,1,53138,53138
smoke-x86,cpu,fresh,1,36,0,36,522637,519374,472246,0,8133,5209,0,507,260,31516,10,2,1,50391,50391
smoke-x86,cpu,fresh,1,37,0,37,520851,517030,469522,0,8332,6842,0,582,310,29956,10,2,1,51329,51329
smoke-x86,cpu,fresh,1,38,0,38,535861,531335,468535,0,8721,8033,0,600,326,43427,10,2,1,67326,67326
smoke-x86,cpu,fresh,1,39,0,39,517172,513172,468925,0,8811,7223,0,595,310,25702,10,2,1,48247,48247
smoke-x86,cpu,fresh,1,40,0,40,519599,515859,456113,0,10437,7174,0,571,299,39661,10,2,1,63486,63486
smoke-x86,cpu,fresh,1,41,0,41,525604,521850,466155,0,8811,7022,0,592,305,37449,10,2,1,59449,59449
smoke-x86,cpu,fresh,1,42,0,42,484417,479991,433904,0,12274,7107,0,756,327,23765,10,2,1,50513,50513
smoke-x86,cpu,fresh,1,43,0,43,455595,451561,406988,0,11877,7251,0,573,322,22903,10,2,1,48607,48607
smoke-x86,cpu,fresh,1,44,0,44,542475,537778,481437,0,11723,9879,0,775,396,31723,10,2,1,61038,61038
smoke-x86,cpu,fresh,1,45,0,45,564236,560141,502335,0,14143,8382,0,586,334,32645,10,2,1,61901,61901
smoke-x86,cpu,fresh,1,46,0,46,607084,603003,548685,0,14347,7143,0,622,319,29938,10,2,1,58399,58399
smoke-x86,cpu,fresh,1,47,0,47,556234,552690,498841,0,10464,5864,0,549,282,34942,10,2,1,57393,57393
smoke-x86,cpu,fresh,1,48,0,48,582533,578540,528865,0,10715,7736,0,560,318,28582,10,2,1,53668,53668
smoke-x86,cpu,fresh,1,49,0,49,489143,485218,436880,0,7546,7064,0,539,308,31062,10,2,1,52263,52263
smoke-x86,cpu,fresh,1,50,0,50,536019,531232,478601,0,10552,9734,0,806,355,29198,10,2,1,57418,57418
smoke-x86,cpu,fresh,1,51,0,51,603005,599059,527132,0,14048,8284,0,655,360,46860,10,2,1,75873,75873
smoke-x86,cpu,fresh,1,52,0,52,608623,604697,555228,0,14014,8499,0,587,301,24138,10,2,1,53395,53395
smoke-x86,cpu,fresh,1,53,0,53,588994,585060,501018,0,13827,8712,0,593,353,58828,10,2,1,87976,87976
smoke-x86,cpu,fresh,1,54,0,54,574119,570270,509753,0,13884,8170,0,556,390,35804,10,2,1,64366,64366
smoke-x86,cpu,fresh,1,55,0,55,648601,644849,582230,0,13356,8279,0,557,329,38294,10,2,1,66371,66371
smoke-x86,cpu,fresh,1,56,0,56,613943,609977,546951,0,15288,8689,0,593,369,36116,10,2,1,66992,66992
smoke-x86,cpu,fresh,1,57,0,57,540562,536361,459027,0,13896,8625,0,611,334,51972,10,2,1,81535,81535
smoke-x86,cpu,fresh,1,58,0,58,520271,516262,443258,0,13723,8637,0,581,374,47766,10,2,1,77013,77013
smoke-x86,cpu,fresh,1,59,0,59,494900,491082,437635,0,13849,8628,0,574,336,28309,10,2,1,57265,57265
smoke-x86,cpu,fresh,1,60,0,60,518115,514065,435446,0,13683,8334,0,576,383,53961,10,2,1,82669,82669
smoke-x86,cpu,fresh,1,61,0,61,515980,512130,441266,0,18929,8612,0,572,336,40751,10,2,1,74714,74714
smoke-x86,cpu,fresh,1,62,0,62,540003,535370,480477,0,13759,8064,0,623,358,30227,10,2,1,59526,59526
smoke-x86,cpu,fresh,1,63,0,63,503847,499478,451263,0,10342,8035,0,597,356,27580,10,2,1,52584,52584
smoke-x86,cpu,fresh,1,64,0,64,482504,478972,432661,0,11589,6998,0,522,313,25282,10,2,1,49843,49843
smoke-x86,cpu,fresh,1,65,0,65,500020,496345,437460,0,11832,6955,0,587,317,37623,10,2,1,62560,62560
smoke-x86,cpu,fresh,1,66,0,66,625403,621028,547271,0,13859,8658,0,607,403,48393,10,2,1,78132,78132
smoke-x86,cpu,fresh,1,67,0,67,573182,569087,506151,0,14234,8628,0,570,355,37512,10,2,1,67031,67031
smoke-x86,cpu,fresh,1,68,0,68,505564,501139,436327,0,14363,6752,0,638,403,40920,10,2,1,69237,69237
smoke-x86,cpu,fresh,1,69,0,69,589526,584701,522816,0,8911,9144,0,701,382,40811,10,2,1,66710,66710
smoke-x86,cpu,fresh,1,70,0,70,550549,545788,490379,0,10367,8726,0,634,350,33414,10,2,1,60170,60170
smoke-x86,cpu,fresh,1,71,0,71,518883,514048,463503,0,12024,9401,0,696,361,26159,10,2,1,55380,55380
smoke-x86,cpu,fresh,1,72,0,72,561007,557013,494630,0,14185,8280,0,594,319,37270,10,2,1,66377,66377
smoke-x86,cpu,fresh,1,73,0,73,604992,601055,528405,0,14043,8078,0,569,300,47888,10,2,1,76587,76587
smoke-x86,cpu,fresh,1,74,0,74,582723,578903,517971,0,14285,8169,0,590,334,35792,10,2,1,64752,64752
smoke-x86,cpu,fresh,1,75,0,75,550086,546281,477234,0,14196,8135,0,570,294,44134,10,2,1,72852,72852
smoke-x86,cpu,fresh,1,76,0,76,612703,608912,547078,0,13940,8029,0,567,335,37387,10,2,1,65625,65625
smoke-x86,cpu,fresh,1,77,0,77,548754,545060,474939,0,13855,8162,0,584,287,45444,10,2,1,73815,73815
smoke-x86,cpu,fresh,1,78,0,78,452921,449088,393458,0,11835,11583,0,612,317,29671,10,2,1,59463,59463
smoke-x86,cpu,fresh,1,79,0,79,463535,459836,412550,0,11595,6831,0,542,330,26586,10,2,1,50985,50985
smoke-x86,cpu,fresh,1,80,0,80,535195,531592,480238,0,11710,7440,0,572,343,29984,10,2,1,54957,54957
smoke-x86,cpu,fresh,1,81,0,81,542116,538258,468651,0,19055,8272,0,567,345,39618,10,2,1,73465,73465
smoke-x86,cpu,fresh,1,82,0,82,505519,501884,437940,0,13329,8585,0,559,313,39446,10,2,1,67579,67579
smoke-x86,cpu,fresh,1,83,0,83,699581,695738,639210,0,13442,8420,0,573,281,31907,10,2,1,60371,60371
smoke-x86,cpu,fresh,1,84,0,84,570910,566801,490611,0,13566,6941,0,607,338,52548,10,2,1,80299,80299
smoke-x86,cpu,fresh,1,85,0,85,433965,428971,382224,0,10143,10034,0,766,365,23477,10,2,1,51741,51741
smoke-x86,cpu,fresh,1,86,0,86,654195,649468,579041,0,15075,9094,0,638,410,43136,10,2,1,75154,75154
smoke-x86,cpu,fresh,1,87,0,87,481372,477183,392394,0,10690,7588,0,573,342,63708,10,2,1,88978,88978
smoke-x86,cpu,fresh,1,88,0,88,514277,510058,456983,0,9815,7390,0,562,379,33170,10,2,1,57294,57294
smoke-x86,cpu,fresh,1,89,0,89,500366,495807,446769,0,10419,9180,0,669,361,26445,10,2,1,53597,53597
smoke-x86,cpu,fresh,1,90,0,90,475280,471984,431393,0,9200,5437,0,489,307,23877,10,2,1,43887,43887
smoke-x86,cpu,fresh,1,91,0,91,548859,545501,505613,0,8488,5720,0,475,358,23542,10,2,1,43246,43246
smoke-x86,cpu,fresh,1,92,0,92,457811,454566,408880,0,9735,7253,0,544,285,26314,10,2,1,48931,48931
smoke-x86,cpu,fresh,1,93,0,93,470251,467146,421698,0,9273,5172,0,528,324,28732,10,2,1,48553,48553
smoke-x86,cpu,fresh,1,94,0,94,507178,503991,456991,0,8006,5223,0,496,290,31475,10,2,1,50187,50187
smoke-x86,cpu,fresh,1,95,0,95,459348,455703,396541,0,8884,7051,0,558,332,40860,10,2,1,62807,62807
smoke-x86,cpu,fresh,1,96,0,96,445100,441509,397869,0,9681,7136,0,545,269,24223,10,2,1,47231,47231
smoke-x86,cpu,fresh,1,97,0,97,470203,466313,420160,0,10371,7187,0,600,314,25858,10,2,1,50043,50043
smoke-x86,cpu,fresh,1,98,0,98,479611,475724,426577,0,10072,7211,0,554,329,29082,10,2,1,53034,53034
smoke-x86,cpu,fresh,1,99,0,99,502688,499284,457792,0,10179,7638,0,511,338,21154,10,2,1,44896,44896
smoke-x86,cpu,fresh,2,0,1,0,1586398,1578124,1412289,0,54680,36713,0,1101,1181,53010,10,2,1,174109,174109
smoke-x86,cpu,fresh,2,1,1,1,1238905,1233424,1155918,0,24350,11310,0,767,429,37924,10,2,1,82987,82987
smoke-x86,cpu,fresh,2,2,1,2,650655,646065,577233,0,14346,9320,0,665,315,42091,10,2,1,73422,73422
smoke-x86,cpu,fresh,2,3,1,3,579328,574295,515663,0,13936,8185,0,608,354,33106,10,2,1,63665,63665
smoke-x86,cpu,fresh,2,4,1,4,515697,511492,456235,0,11106,7512,0,625,337,33378,10,2,1,59462,59462
smoke-x86,cpu,fresh,2,5,1,5,447019,442943,395526,0,10149,6871,0,594,337,27891,10,2,1,51493,51493
smoke-x86,cpu,fresh,2,6,1,6,602853,598014,533278,0,14693,9015,0,683,410,37906,10,2,1,69575,69575
smoke-x86,cpu,fresh,2,7,1,7,564727,560665,486570,0,15461,8165,0,590,334,48031,10,2,1,78157,78157
smoke-x86,cpu,fresh,2,8,1,8,511640,507501,456917,0,10245,7198,0,538,358,30437,10,2,1,54723,54723
smoke-x86,cpu,fresh,2,9,1,9,490601,485885,437362,0,12071,7959,0,720,385,25410,10,2,1,53239,53239
smoke-x86,cpu,fresh,2,10,1,10,498625,494581,440570,0,11710,7208,0,575,327,32608,10,2,1,58055,58055
smoke-x86,cpu,fresh,2,11,1,11,593316,588237,526924,0,16038,10473,0,835,401,31337,10,2,1,66392,66392
smoke-x86,cpu,fresh,2,12,1,12,486391,481744,406100,0,10299,7657,0,737,469,54629,10,2,1,80291,80291
smoke-x86,cpu,fresh,2,13,1,13,449997,445898,397323,0,10240,8285,0,664,366,27185,10,2,1,52674,52674
smoke-x86,cpu,fresh,2,14,1,14,460872,457621,407458,0,9959,7119,0,518,281,30672,10,2,1,53414,53414
smoke-x86,cpu,fresh,2,15,1,15,516551,512909,463442,0,8650,7252,0,547,311,31128,10,2,1,53109,53109
smoke-x86,cpu,fresh,2,16,1,16,479434,475759,421851,0,9950,8134,0,530,297,33385,10,2,1,57583,57583
smoke-x86,cpu,fresh,2,17,1,17,537771,533959,471999,0,17026,7086,0,575,310,35183,10,2,1,65772,65772
smoke-x86,cpu,fresh,2,18,1,18,498226,494848,438296,0,9849,5553,0,485,327,38722,10,2,1,59930,59930
smoke-x86,cpu,fresh,2,19,1,19,638089,633690,559508,0,10070,9648,0,692,379,51443,10,2,1,78581,78581
smoke-x86,cpu,fresh,2,20,0,20,588895,584158,520811,0,14094,8948,0,684,396,37207,10,2,1,68084,68084
smoke-x86,cpu,fresh,2,21,0,21,442690,439653,404129,0,6776,4632,0,438,245,22173,10,2,1,38561,38561
smoke-x86,cpu,fresh,2,22,0,22,643044,639071,565652,0,14116,8299,0,627,384,48607,10,2,1,77392,77392
smoke-x86,cpu,fresh,2,23,0,23,511173,506489,433698,0,6621,9168,0,770,374,53909,10,2,1,77475,77475
smoke-x86,cpu,fresh,2,24,0,24,520047,515853,457056,0,12440,8626,0,654,389,34692,10,2,1,62991,62991
smoke-x86,cpu,fresh,2,25,0,25,504506,500020,427965,0,12271,8677,0,678,315,48015,10,2,1,76541,76541
smoke-x86,cpu,fresh,2,26,0,26,512107,507881,459759,0,11938,9449,0,566,348,24111,10,2,1,52348,52348
smoke-x86,cpu,fresh,2,27,0,27,519403,515155,452829,0,11563,8497,0,639,305,39437,10,2,1,66574,66574
smoke-x86,cpu,fresh,2,28,0,28,580717,576264,509975,0,12201,9064,0,673,368,41994,10,2,1,70742,70742
smoke-x86,cpu,fresh,2,29,0,29,492813,487493,434917,0,10778,9852,0,847,366,28547,10,2,1,57896,57896
smoke-x86,cpu,fresh,2,30,0,30,604813,599971,527656,0,13670,9656,0,757,367,46009,10,2,1,77157,77157
smoke-x86,cpu,fresh,2,31,0,31,548126,543769,463773,0,14096,8706,0,681,376,54550,10,2,1,84353,84353
smoke-x86,cpu,fresh,2,32,0,32,575329,571136,506624,0,13593,8386,0,640,390,39962,10,2,1,68705,68705
smoke-x86,cpu,fresh,2,33,0,33,624347,620129,556816,0,15007,9044,0,636,325,36417,10,2,1,67531,67531
smoke-x86,cpu,fresh,2,34,0,34,641002,636660,570509,0,14212,9233,0,646,472,39729,10,2,1,70493,70493
smoke-x86,cpu,fresh,2,35,0,35,497596,492280,433482,0,11970,7674,0,584,348,36190,10,2,1,64114,64114
smoke-x86,cpu,fresh,2,36,0,36,439513,435687,388101,0,11653,7088,0,571,315,26307,10,2,1,51412,51412
smoke-x86,cpu,fresh,2,37,0,37,465901,462429,414400,0,10854,7177,0,535,300,27651,10,2,1,51501,51501
smoke-x86,cpu,fresh,2,38,0,38,475715,472059,430588,0,10970,6931,0,532,306,21233,10,2,1,45127,45127
smoke-x86,cpu,fresh,2,39,0,39,555902,551162,499791,0,14075,8742,0,826,421,25402,10,2,1,56111,56111
smoke-x86,cpu,fresh,2,40,0,40,659518,653802,599365,0,13544,8831,0,682,455,28868,10,2,1,60153,60153
smoke-x86,cpu,fresh,2,41,0,41,575217,570252,474407,0,10354,10060,0,809,363,72239,10,2,1,100810,100810
smoke-x86,cpu,fresh,2,42,0,42,597988,592813,520398,0,14605,10029,0,759,401,44378,10,2,1,77590,77590
smoke-x86,cpu,fresh,2,43,0,43,519456,515322,459984,0,13686,8622,0,605,347,30233,10,2,1,59472,59472
smoke-x86,cpu,fresh,2,44,0,44,537730,532646,480908,0,14004,9187,0,736,373,25095,10,2,1,56822,56822
smoke-x86,cpu,fresh,2,45,0,45,550898,546107,492895,0,9248,7366,0,588,326,32976,10,2,1,58003,58003
smoke-x86,cpu,fresh,2,46,0,46,904910,901387,852164,0,8563,8163,0,524,258,29865,10,2,1,52746,52746
smoke-x86,cpu,fresh,2,47,0,47,466105,461946,369610,0,10060,7206,0,717,341,72147,10,2,1,96495,96495
smoke-x86,cpu,fresh,2,48,0,48,504751,501048,457433,0,8329,7157,0,567,318,25414,10,2,1,47318,47318
smoke-x86,cpu,fresh,2,49,0,49,510042,506107,456138,0,9743,7229,0,523,321,30258,10,2,1,53904,53904
smoke-x86,cpu,fresh,2,50,0,50,429227,425339,377746,0,9428,7066,0,584,340,28542,10,2,1,51481,51481
smoke-x86,cpu,fresh,2,51,0,51,562522,557968,507861,0,9740,9866,0,706,405,27451,10,2,1,54661,54661
smoke-x86,cpu,fresh,2,52,0,52,570730,565905,497388,0,14994,9947,0,674,409,39916,10,2,1,73342,73342
smoke-x86,cpu,fresh,2,53,0,53,549090,544404,486285,0,15416,8056,0,718,387,31361,10,2,1,62805,62805
smoke-x86,cpu,fresh,2,54,0,54,493802,489946,418061,0,11508,6896,0,606,298,50972,10,2,1,75741,75741
smoke-x86,cpu,fresh,2,55,0,55,458043,454334,410660,0,10958,6896,0,600,362,23452,10,2,1,47383,47383
smoke-x86,cpu,fresh,2,56,0,56,420724,416932,366862,0,11117,6852,0,605,299,29692,10,2,1,53862,53862
smoke-x86,cpu,fresh,2,57,0,57,476622,472812,401841,0,11404,7419,0,606,314,49672,10,2,1,74781,74781
smoke-x86,cpu,fresh,2,58,0,58,485891,481373,393328,0,10186,7827,0,579,323,67281,10,2,1,92563,92563
smoke-x86,cpu,fresh,2,59,0,59,467361,463372,408689,0,10323,7322,0,574,380,34395,10,2,1,58672,58672
smoke-x86,cpu,fresh,2,60,0,60,432793,429161,387716,0,9680,7239,0,516,305,22042,10,2,1,45077,45077
smoke-x86,cpu,fresh,2,61,0,61,489817,485420,413991,0,9325,8963,0,693,364,50158,10,2,1,75826,75826
smoke-x86,cpu,fresh,2,62,0,62,482986,478852,424551,0,11875,8331,0,557,368,31186,10,2,1,58435,58435
smoke-x86,cpu,fresh,2,63,0,63,559746,555093,471454,0,9932,8446,0,638,344,62119,10,2,1,88292,88292
smoke-x86,cpu,fresh,2,64,0,64,649415,644085,556326,0,8680,9837,0,704,360,65517,10,2,1,93089,93089
smoke-x86,cpu,fresh,2,65,0,65,714912,710117,618124,0,13936,9825,0,714,381,64954,10,2,1,96788,96788
smoke-x86,cpu,fresh,2,66,0,66,560162,555107,491682,0,14186,11498,0,681,338,34707,10,2,1,68480,68480
smoke-x86,cpu,fresh,2,67,0,67,669602,664205,588014,0,12463,8035,0,805,462,51827,10,2,1,81588,81588
smoke-x86,cpu,fresh,2,68,0,68,545420,539977,473457,0,10624,7471,0,720,377,45503,10,2,1,71963,71963
smoke-x86,cpu,fresh,2,69,0,69,576929,572624,518293,0,10210,7280,0,587,316,34199,10,2,1,58636,58636
smoke-x86,cpu,fresh,2,70,0,70,610739,606634,551218,0,10260,7095,0,588,321,35412,10,2,1,59521,59521
smoke-x86,cpu,fresh,2,71,0,71,518174,514308,452775,0,10118,7385,0,588,324,41397,10,2,1,65399,65399
smoke-x86,cpu,fresh,2,72,0,72,507650,503755,451186,0,10101,7035,0,598,298,32968,10,2,1,56464,56464
smoke-x86,cpu,fresh,2,73,0,73,576407,571586,517601,0,12483,9002,0,680,378,29420,10,2,1,58806,58806
smoke-x86,cpu,fresh,2,74,0,74,521138,516508,434911,0,12104,8389,0,680,317,58203,10,2,1,86227,86227
smoke-x86,cpu,fresh,2,75,0,75,678716,674086,592316,0,12286,8509,0,662,348,58182,10,2,1,86400,86400
smoke-x86,cpu,fresh,2,76,0,76,498978,493768,434133,0,6984,10195,0,811,421,39052,10,2,1,64845,64845
smoke-x86,cpu,fresh,2,77,0,77,605919,601512,525435,0,14015,9074,0,634,417,49983,10,2,1,80484,80484
smoke-x86,cpu,fresh,2,78,0,78,622266,617440,553637,0,20936,8557,0,632,424,31557,10,2,1,68629,68629
smoke-x86,cpu,fresh,2,79,0,79,626379,621948,558621,0,13482,8199,0,601,389,39092,10,2,1,67758,67758
smoke-x86,cpu,fresh,2,80,0,80,558715,554667,501573,0,10058,7418,0,535,319,32388,10,2,1,57142,57142
smoke-x86,cpu,fresh,2,81,0,81,571367,567480,519787,0,10101,7047,0,559,320,27400,10,2,1,51580,51580
smoke-x86,cpu,fresh,2,82,0,82,576622,572700,523717,0,9847,7181,0,560,301,29297,10,2,1,52905,52905
smoke-x86,cpu,fresh,2,83,0,83,674063,668875,604668,0,14723,8686,0,865,441,36909,10,2,1,69395,69395
smoke-x86,cpu,fresh,2,84,0,84,629419,624925,563148,0,14262,8799,0,634,389,35796,10,2,1,66271,66271
smoke-x86,cpu,fresh,2,85,0,85,579176,573983,514101,0,14573,11587,0,781,335,30363,10,2,1,65075,65075
smoke-x86,cpu,fresh,2,86,0,86,582947,578657,506199,0,14334,8912,0,650,356,46458,10,2,1,76748,76748
smoke-x86,cpu,fresh,2,87,0,87,597110,592889,526444,0,13941,8873,0,608,406,40795,10,2,1,70666,70666
smoke-x86,cpu,fresh,2,88,0,88,554236,550219,486865,0,13853,8453,0,622,363,38591,10,2,1,67371,67371
smoke-x86,cpu,fresh,2,89,0,89,504221,500231,444518,0,14048,9096,0,636,369,29723,10,2,1,59703,59703
smoke-x86,cpu,fresh,2,90,0,90,487138,483041,432909,0,10222,7199,0,631,314,30040,10,2,1,54229,54229
smoke-x86,cpu,fresh,2,91,0,91,549098,544488,488714,0,10002,10100,0,732,379,32199,10,2,1,60384,60384
smoke-x86,cpu,fresh,2,92,0,92,605990,601083,537161,0,14054,8836,0,682,344,37990,10,2,1,68829,68829
smoke-x86,cpu,fresh,2,93,0,93,697853,693019,615957,0,14105,9181,0,832,537,50786,10,2,1,81896,81896
smoke-x86,cpu,fresh,2,94,0,94,562606,558380,490190,0,14536,8534,0,650,382,42310,10,2,1,72416,72416
smoke-x86,cpu,fresh,2,95,0,95,502833,498806,449651,0,14895,7284,0,618,330,24630,10,2,1,53182,53182
smoke-x86,cpu,fresh,2,96,0,96,553664,549337,496207,0,10287,8634,0,632,395,31361,10,2,1,57457,57457
smoke-x86,cpu,fresh,2,97,0,97,541319,536292,474460,0,12341,8146,0,686,379,37851,10,2,1,66859,66859
smoke-x86,cpu,fresh,2,98,0,98,548620,544031,489853,0,10811,8168,0,657,389,32192,10,2,1,58767,58767
smoke-x86,cpu,fresh,2,99,0,99,539769,535432,479556,0,11026,13060,0,659,371,28775,10,2,1,60213,60213
smoke-x86,cpu,fresh,3,0,1,0,1566407,1559912,1402747,0,58258,30566,0,684,502,45870,10,2,1,163660,163660
smoke-x86,cpu,fresh,3,1,1,1,1224882,1219993,1152198,0,20526,7714,0,537,310,36501,10,2,1,72684,72684
smoke-x86,cpu,fresh,3,2,1,2,569264,565031,495194,0,14509,8526,0,586,345,44113,10,2,1,74070,74070
smoke-x86,cpu,fresh,3,3,1,3,565284,561279,512937,0,13801,8473,0,590,339,23299,10,2,1,52347,52347
smoke-x86,cpu,fresh,3,4,1,4,568308,564123,461603,0,14122,8626,0,665,368,76861,10,2,1,106705,106705
smoke-x86,cpu,fresh,3,5,1,5,516332,512279,458732,0,14444,8268,0,593,346,28203,10,2,1,57600,57600
smoke-x86,cpu,fresh,3,6,1,6,540756,536671,477994,0,14866,8506,0,658,308,32678,10,2,1,62762,62762
smoke-x86,cpu,fresh,3,7,1,7,558801,554846,501541,0,15240,8266,0,619,332,26914,10,2,1,57260,57260
smoke-x86,cpu,fresh,3,8,1,8,498633,494082,446950,0,11029,7329,0,654,333,25674,10,2,1,51683,51683
smoke-x86,cpu,fresh,3,9,1,9,427788,423946,348654,0,7007,5520,0,510,352,60239,10,2,1,79134,79134
smoke-x86,cpu,fresh,3,10,1,10,466744,463037,418261,0,10194,7070,0,525,337,25266,10,2,1,48483,48483
smoke-x86,cpu,fresh,3,11,1,11,410961,408126,373902,0,6942,4719,0,426,265,20450,10,2,1,37059,37059
smoke-x86,cpu,fresh,3,12,1,12,371723,369022,333417,0,6926,5032,0,485,262,21678,10,2,1,38306,38306
smoke-x86,cpu,fresh,3,13,1,13,389104,386529,347170,0,6854,4576,0,412,217,25933,10,2,1,41934,41934
smoke-x86,cpu,fresh,3,14,1,14,402110,399285,365482,0,6938,4751,0,428,229,20191,10,2,1,36628,36628
smoke-x86,cpu,fresh,3,15,1,15,430087,425734,378329,0,10306,7072,0,725,373,27321,10,2,1,51758,51758
smoke-x86,cpu,fresh,3,16,1,16,442563,439087,371472,0,13502,8365,0,486,313,43474,10,2,1,71091,71091
smoke-x86,cpu,fresh,3,17,1,17,476754,473132,423326,0,9122,6000,0,616,284,32002,10,2,1,53428,53428
smoke-x86,cpu,fresh,3,18,1,18,500200,495966,447952,0,10223,7345,0,701,299,27962,10,2,1,52248,52248
smoke-x86,cpu,fresh,3,19,1,19,495543,491541,443757,0,10015,7797,0,581,336,27617,10,2,1,51786,51786
smoke-x86,cpu,fresh,3,20,0,20,529956,526697,483188,0,9730,5259,0,475,313,26421,10,2,1,46768,46768
smoke-x86,cpu,fresh,3,21,0,21,532574,528929,481723,0,9436,7967,0,526,311,27589,10,2,1,50851,50851
smoke-x86,cpu,fresh,3,22,0,22,496420,492699,449743,0,9941,7290,0,557,304,23478,10,2,1,46677,46677
smoke-x86,cpu,fresh,3,23,0,23,506673,502757,444582,0,9961,6871,0,622,291,38955,10,2,1,62091,62091
smoke-x86,cpu,fresh,3,24,0,24,505892,501886,445588,0,8969,8342,0,556,343,36336,10,2,1,60304,60304
smoke-x86,cpu,fresh,3,25,0,25,548456,544516,501703,0,8778,7630,0,598,320,23999,10,2,1,46753,46753
smoke-x86,cpu,fresh,3,26,0,26,520376,516416,460167,0,10138,7192,0,613,340,36337,10,2,1,60209,60209
smoke-x86,cpu,fresh,3,27,0,27,590777,586051,480778,0,14274,9010,0,671,339,79250,10,2,1,109999,109999
smoke-x86,cpu,fresh,3,28,0,28,573403,568910,507639,0,13598,9044,0,643,434,35737,10,2,1,65764,65764
smoke-x86,cpu,fresh,3,29,0,29,585820,580517,525575,0,14682,9012,0,856,421,27744,10,2,1,60245,60245
smoke-x86,cpu,fresh,3,30,0,30,640204,636035,576866,0,13605,8759,0,613,316,34227,10,2,1,63338,63338
smoke-x86,cpu,fresh,3,31,0,31,593224,589194,522225,0,13729,8482,0,622,335,42105,10,2,1,70999,70999
smoke-x86,cpu,fresh,3,32,0,32,576939,572823,487817,0,13759,8128,0,607,353,60777,10,2,1,89122,89122
smoke-x86,cpu,fresh,3,33,0,33,572117,567956,507069,0,14018,8817,0,612,378,35310,10,2,1,65048,65048
smoke-x86,cpu,fresh,3,34,0,34,570406,564789,500714,0,10943,10812,0,779,387,39099,10,2,1,69692,69692
smoke-x86,cpu,fresh,3,35,0,35,537194,532991,481404,0,10836,7686,0,627,363,30494,10,2,1,55790,55790
smoke-x86,cpu,fresh,3,36,0,36,591267,586140,524924,0,10820,10538,0,831,334,36664,10,2,1,66343,66343
smoke-x86,cpu,fresh,3,37,0,37,627512,623218,548195,0,13626,8618,0,600,402,50128,10,2,1,79317,79317
smoke-x86,cpu,fresh,3,38,0,38,660788,656738,587738,0,18753,8824,0,673,331,38622,10,2,1,73050,73050
smoke-x86,cpu,fresh,3,39,0,39,543840,539589,476487,0,15426,8922,0,716,389,36051,10,2,1,67353,67353
smoke-x86,cpu,fresh,3,40,0,40,558770,554590,478726,0,14225,8633,0,621,362,49985,10,2,1,80044,80044
smoke-x86,cpu,fresh,3,41,0,41,571202,567048,505638,0,13585,8971,0,602,325,35861,10,2,1,65564,65564
smoke-x86,cpu,fresh,3,42,0,42,650148,645609,577547,0,14860,8969,0,666,343,41304,10,2,1,72601,72601
smoke-x86,cpu,fresh,3,43,0,43,602800,598347,541397,0,15065,9321,0,642,453,29539,10,2,1,61403,61403
smoke-x86,cpu,fresh,3,44,0,44,547798,543738,476257,0,14459,8398,0,613,339,41821,10,2,1,71541,71541
smoke-x86,cpu,fresh,3,45,0,45,567418,563364,444499,0,13545,8141,0,584,361,94606,10,2,1,122919,122919
smoke-x86,cpu,fresh,3,46,0,46,534076,530092,468257,0,14051,8365,0,607,320,36538,10,2,1,65819,65819
smoke-x86,cpu,fresh,3,47,0,47,529402,525229,457114,0,18601,8740,0,670,358,37998,10,2,1,72288,72288
smoke-x86,cpu,fresh,3,48,0,48,525424,521354,460239,0,14333,8636,0,601,341,35294,10,2,1,65185,65185
smoke-x86,cpu,fresh,3,49,0,49,586833,582752,525605,0,15798,8782,0,642,345,29755,10,2,1,61228,61228
smoke-x86,cpu,fresh,3,50,0,50,573508,569490,504834,0,14174,8346,0,606,335,39338,10,2,1,68674,68674
smoke-x86,cpu,fresh,3,51,0,51,669349,665248,590242,0,13668,8120,0,628,337,50489,10,2,1,79107,79107
smoke-x86,cpu,fresh,3,52,0,52,781658,776551,715441,0,11937,9112,0,707,377,36794,10,2,1,66217,66217
smoke-x86,cpu,fresh,3,53,0,53,528890,524045,475909,0,11125,8795,0,643,366,25314,10,2,1,52981,52981
smoke-x86,cpu,fresh,3,54,0,54,652215,647470,584582,0,13032,10945,0,819,357,35268,10,2,1,67633,67633
smoke-x86,cpu,fresh,3,55,0,55,1227583,1222703,1161083,0,14394,8687,0,619,347,35124,10,2,1,66500,66500
smoke-x86,cpu,fresh,3,56,0,56,533408,528239,455955,0,11259,19997,0,817,443,37628,10,2,1,77453,77453
smoke-x86,cpu,fresh,3,57,0,57,603397,599171,502609,0,15333,9120,0,609,387,68974,10,2,1,100788,100788
smoke-x86,cpu,fresh,3,58,0,58,583912,579549,516213,0,14539,8766,0,660,361,37006,10,2,1,67699,67699
smoke-x86,cpu,fresh,3,59,0,59,712944,708430,655733,0,15315,9606,0,675,355,24721,10,2,1,57211,57211
smoke-x86,cpu,fresh,3,60,0,60,615427,610654,499554,0,14270,9455,0,662,384,84435,10,2,1,115873,115873
smoke-x86,cpu,fresh,3,61,0,61,563112,559012,502441,0,15132,9278,0,599,339,29394,10,2,1,60671,60671
smoke-x86,cpu,fresh,3,62,0,62,584483,580362,522869,0,15124,9382,0,640,338,29989,10,2,1,61614,61614
smoke-x86,cpu,fresh,3,63,0,63,554177,550127,493809,0,14107,9006,0,658,363,30257,10,2,1,60368,60368
smoke-x86,cpu,fresh,3,64,0,64,624015,618219,510833,0,14230,8364,0,755,379,81498,10,2,1,113182,113182
smoke-x86,cpu,fresh,3,65,0,65,452367,448099,399405,0,10718,7875,0,635,326,27366,10,2,1,52962,52962
smoke-x86,cpu,fresh,3,66,0,66,458683,454381,402247,0,10364,10515,0,699,343,28095,10,2,1,56436,56436
smoke-x86,cpu,fresh,3,67,0,67,492030,487818,431037,0,14646,8797,0,634,338,30639,10,2,1,60993,60993
smoke-x86,cpu,fresh,3,68,0,68,540761,536576,479381,0,14416,9343,0,617,383,30431,10,2,1,61380,61380
smoke-x86,cpu,fresh,3,69,0,69,492429,488112,421039,0,13977,13779,0,641,322,36460,10,2,1,71390,71390
smoke-x86,cpu,fresh,3,70,0,70,523903,518892,436720,0,10761,8461,0,750,393,59635,10,2,1,87183,87183
smoke-x86,cpu,fresh,3,71,0,71,639154,634815,564268,0,14346,9227,0,623,335,44144,10,2,1,74886,74886
smoke-x86,cpu,fresh,3,72,0,72,566137,561911,502782,0,14406,9088,0,627,349,32540,10,2,1,63355,63355
smoke-x86,cpu,fresh,3,73,0,73,593204,588912,498331,0,14107,8624,0,610,366,65007,10,2,1,94873,94873
smoke-x86,cpu,fresh,3,74,0,74,584520,579708,520304,0,13698,11085,0,751,398,31230,10,2,1,64216,64216
smoke-x86,cpu,fresh,3,75,0,75,608386,603387,527141,0,15226,8641,0,662,375,49102,10,2,1,81245,81245
smoke-x86,cpu,fresh,3,76,0,76,560749,555927,502905,0,11808,8786,0,665,324,29240,10,2,1,57844,57844
smoke-x86,cpu,fresh,3,77,0,77,552801,547900,485017,0,12550,8797,0,675,357,38524,10,2,1,67784,67784
smoke-x86,cpu,fresh,3,78,0,78,786887,782290,727985,0,10719,8119,0,647,339,32556,10,2,1,58902,58902
smoke-x86,cpu,fresh,3,79,0,79,528548,524057,477499,0,11999,8656,0,580,327,23226,10,2,1,51049,51049
smoke-x86,cpu,fresh,3,80,0,80,481002,476685,411966,0,11112,7829,0,652,346,43084,10,2,1,69036,69036
smoke-x86,cpu,fresh,3,81,0,81,479500,475237,422175,0,12547,8726,0,593,378,29124,10,2,1,57325,57325
smoke-x86,cpu,fresh,3,82,0,82,528199,523890,463986,0,10540,8931,0,596,351,37405,10,2,1,64213,64213
smoke-x86,cpu,fresh,3,83,0,83,547453,542013,477392,0,12071,8433,0,631,337,40888,10,2,1,70061,70061
smoke-x86,cpu,fresh,3,84,0,84,559811,554860,491584,0,14716,10002,0,842,431,35221,10,2,1,68227,68227
smoke-x86,cpu,fresh,3,85,0,85,522000,517922,452773,0,13797,8251,0,594,299,40306,10,2,1,69227,69227
smoke-x86,cpu,fresh,3,86,0,86,580590,576530,470002,0,8997,7000,0,505,306,87364,10,2,1,110588,110588
smoke-x86,cpu,fresh,3,87,0,87,489604,485850,411642,0,8930,7105,0,548,280,55649,10,2,1,77962,77962
smoke-x86,cpu,fresh,3,88,0,88,487917,483799,428043,0,8774,7012,0,601,315,37288,10,2,1,59874,59874
smoke-x86,cpu,fresh,3,89,0,89,487356,483223,430331,0,9118,7591,0,646,260,32711,10,2,1,57025,57025
smoke-x86,cpu,fresh,3,90,0,90,470594,466340,408762,0,9154,6872,0,564,451,38146,10,2,1,61832,61832
smoke-x86,cpu,fresh,3,91,0,91,479913,475564,428326,0,9052,7580,0,581,313,27919,10,2,1,51587,51587
smoke-x86,cpu,fresh,3,92,0,92,500820,496289,435779,0,9915,7086,0,659,299,40446,10,2,1,65041,65041
smoke-x86,cpu,fresh,3,93,0,93,502891,498333,434502,0,9842,7820,0,616,370,43570,10,2,1,68389,68389
smoke-x86,cpu,fresh,3,94,0,94,550443,545298,489256,0,10543,8160,0,718,355,34389,10,2,1,61187,61187
smoke-x86,cpu,fresh,3,95,0,95,1155236,1149814,1092433,0,12971,9642,0,756,373,30988,10,2,1,62803,62803
smoke-x86,cpu,fresh,3,96,0,96,565348,561248,482082,0,13643,13043,0,599,322,49474,10,2,1,83266,83266
smoke-x86,cpu,fresh,3,97,0,97,606569,602531,544801,0,13380,8511,0,631,320,33030,10,2,1,61768,61768
smoke-x86,cpu,fresh,3,98,0,98,613609,609445,546376,0,13895,8513,0,586,319,37900,10,2,1,67233,67233
smoke-x86,cpu,fresh,3,99,0,99,569885,565478,503684,0,13709,8736,0,612,412,36600,10,2,1,66201,66201
smoke-x86,cpu,reuse,1,0,1,0,744285,739652,616708,334856,41398,13978,1381,437,340,57164,7,4,1,127577,462433
smoke-x86,cpu,reuse,1,1,1,1,515056,511890,417020,212547,48153,9774,793,425,202,32067,7,4,1,98036,310583
smoke-x86,cpu,reuse,1,2,1,2,486510,482246,405664,212660,40783,7619,949,589,235,23061,7,4,1,80846,293506
smoke-x86,cpu,reuse,1,3,1,3,467076,463720,385432,193721,37907,6768,1280,409,222,28111,7,4,1,81644,275365
smoke-x86,cpu,reuse,1,4,1,4,397605,395520,346519,168218,27921,5118,544,249,146,13344,7,4,1,51086,219304
smoke-x86,cpu,reuse,1,5,1,5,431397,429531,375098,176800,26467,4847,481,254,160,20716,7,4,1,56299,233099
smoke-x86,cpu,reuse,1,6,1,6,452655,450392,382502,192068,29136,5272,895,333,172,30249,7,4,1,70153,262221
smoke-x86,cpu,reuse,1,7,1,7,442137,437693,384524,176924,29706,5885,742,299,211,14487,7,4,1,57613,234537
smoke-x86,cpu,reuse,1,8,1,8,686726,682776,501479,260457,49890,9989,1237,502,244,115746,7,4,1,185247,445704
smoke-x86,cpu,reuse,1,9,1,9,500584,496929,406498,213387,44288,8322,851,455,233,33635,7,4,1,94086,307473
smoke-x86,cpu,reuse,1,10,1,10,470912,467728,385503,192866,43905,7879,798,441,237,26386,7,4,1,85409,278275
smoke-x86,cpu,reuse,1,11,1,11,451554,448752,362441,183882,46929,7742,753,349,225,28139,7,4,1,89113,272995
smoke-x86,cpu,reuse,1,12,1,12,458303,455257,378466,192231,43258,7858,879,383,226,21969,7,4,1,79837,272068
smoke-x86,cpu,reuse,1,13,1,13,485516,481797,399126,194658,44108,8846,987,459,294,25534,7,4,1,86390,281048
smoke-x86,cpu,reuse,1,14,1,14,550253,546426,456973,238864,43157,9837,1078,418,272,31202,7,4,1,93280,332144
smoke-x86,cpu,reuse,1,15,1,15,523256,519669,431574,226842,42854,7645,1022,415,259,32937,7,4,1,91682,318524
smoke-x86,cpu,reuse,1,16,1,16,445918,443332,379677,180822,27623,5076,726,308,159,27766,7,4,1,66241,247063
smoke-x86,cpu,reuse,1,17,1,17,416940,414861,362227,178017,26500,6623,659,248,174,16764,7,4,1,54713,232730
smoke-x86,cpu,reuse,1,18,1,18,624506,621515,537121,252332,58543,6720,889,426,207,15183,7,4,1,87385,339717
smoke-x86,cpu,reuse,1,19,1,19,481115,476570,402564,214723,34289,11188,1018,523,288,22925,7,4,1,78551,293274
smoke-x86,cpu,reuse,1,20,0,20,662229,658654,542295,228851,40998,9199,1233,529,276,60991,7,4,1,119934,348785
smoke-x86,cpu,reuse,1,21,0,21,559478,556169,474936,210197,34418,7043,797,415,210,36123,7,4,1,84542,294739
smoke-x86,cpu,reuse,1,22,0,22,547115,545154,487014,192902,25238,5129,564,240,184,25168,7,4,1,60101,253003
smoke-x86,cpu,reuse,1,23,0,23,532894,529163,435044,222605,62430,10574,1105,502,237,15522,7,4,1,97850,320455
smoke-x86,cpu,reuse,1,24,0,24,533581,530403,445915,234941,40015,9170,721,402,276,31493,7,4,1,87666,322607
smoke-x86,cpu,reuse,1,25,0,25,463405,459402,386313,208427,38625,7449,1031,497,329,22116,7,4,1,77092,285519
smoke-x86,cpu,reuse,1,26,0,26,468052,464773,390787,210567,33187,7542,740,378,228,29674,7,4,1,77265,287832
smoke-x86,cpu,reuse,1,27,0,27,682234,678524,581805,269324,41162,8531,974,446,277,42261,7,4,1,100429,369753
smoke-x86,cpu,reuse,1,28,0,28,511073,508139,453918,252783,26839,6999,871,378,210,16740,7,4,1,57155,309938
smoke-x86,cpu,reuse,1,29,0,29,429427,426888,368329,179247,32224,7006,814,354,195,15885,7,4,1,61098,240345
smoke-x86,cpu,reuse,1,30,0,30,420971,417957,363212,176190,26528,6624,724,389,220,18068,7,4,1,57759,233949
smoke-x86,cpu,reuse,1,31,0,31,444982,442753,396249,226949,25317,4846,705,262,155,13450,7,4,1,48733,275682
smoke-x86,cpu,reuse,1,32,0,32,434503,432333,378219,171849,24701,4613,506,281,163,22294,7,4,1,56284,228133
smoke-x86,cpu,reuse,1,33,0,33,396954,395021,350522,175427,24569,4510,536,292,148,12762,7,4,1,46432,221859
smoke-x86,cpu,reuse,1,34,0,34,409775,408014,362179,189834,24522,4227,503,263,142,14762,7,4,1,47596,237430
smoke-x86,cpu,reuse,1,35,0,35,519569,517553,463007,182417,24504,4468,566,282,217,23156,7,4,1,56562,238979
smoke-x86,cpu,reuse,1,36,0,36,478841,475972,417961,187126,24502,9493,873,362,206,20212,7,4,1,60880,248006
smoke-x86,cpu,reuse,1,37,0,37,565216,561759,473627,222237,40703,8638,963,384,246,34668,7,4,1,91589,313826
smoke-x86,cpu,reuse,1,38,0,38,596457,592988,522167,236925,39991,9344,952,432,225,16732,7,4,1,74290,311215
smoke-x86,cpu,reuse,1,39,0,39,539393,536313,457760,242002,40700,9040,1004,379,225,24514,7,4,1,81633,323635
smoke-x86,cpu,reuse,1,40,0,40,506774,503677,426124,220391,40402,8407,875,446,189,24856,7,4,1,80650,301041
smoke-x86,cpu,reuse,1,41,0,41,534476,531128,448493,236258,39992,8808,796,381,262,29858,7,4,1,85983,322241
smoke-x86,cpu,reuse,1,42,0,42,494434,491207,412690,233826,39887,8570,878,403,221,26316,7,4,1,81744,315570
smoke-x86,cpu,reuse,1,43,0,43,482788,478279,404389,197936,29436,7626,858,435,248,32426,7,4,1,78399,276335
smoke-x86,cpu,reuse,1,44,0,44,455362,452403,377436,199975,27602,6923,819,440,184,36750,7,4,1,77926,277901
smoke-x86,cpu,reuse,1,45,0,45,440300,437272,368870,194993,27411,7786,712,423,209,29792,7,4,1,71430,266423
smoke-x86,cpu,reuse,1,46,0,46,461638,458106,394943,203183,25580,9974,842,436,235,23370,7,4,1,66695,269878
smoke-x86,cpu,reuse,1,47,0,47,513923,510780,433846,223949,40300,8459,949,357,226,24025,7,4,1,80077,304026
smoke-x86,cpu,reuse,1,48,0,48,509479,506557,406454,219782,39923,8768,882,379,239,47677,7,4,1,103025,322807
smoke-x86,cpu,reuse,1,49,0,49,501513,498623,418930,211849,40463,9061,766,378,260,26457,7,4,1,82583,294432
smoke-x86,cpu,reuse,1,50,0,50,601958,599144,521137,267257,39864,6249,899,408,203,27416,7,4,1,80821,348078
smoke-x86,cpu,reuse,1,51,0,51,394466,392496,344962,169380,24680,4515,461,239,143,15827,7,4,1,49504,218884
smoke-x86,cpu,reuse,1,52,0,52,379364,377268,323694,159108,24526,6694,575,305,153,19875,7,4,1,55670,214778
smoke-x86,cpu,reuse,1,53,0,53,398927,397014,343628,164999,24905,4490,447,277,148,21798,7,4,1,55299,220298
smoke-x86,cpu,reuse,1,54,0,54,395478,393618,344256,184377,24817,4323,646,270,146,17790,7,4,1,51222,235599
smoke-x86,cpu,reuse,1,55,0,55,395813,393937,339245,171038,25003,4452,660,236,192,22889,7,4,1,56568,227606
smoke-x86,cpu,reuse,1,56,0,56,502061,498855,419328,229314,40512,8297,1045,373,193,26673,7,4,1,82733,312047
smoke-x86,cpu,reuse,1,57,0,57,523333,519782,443795,221911,41552,7468,912,438,279,22501,7,4,1,79538,301449
smoke-x86,cpu,reuse,1,58,0,58,428318,425944,357625,176254,24526,4736,600,305,150,36149,7,4,1,70693,246947
smoke-x86,cpu,reuse,1,59,0,59,383528,381408,337420,175740,24404,4810,512,291,175,12140,7,4,1,46108,221848
smoke-x86,cpu,reuse,1,60,0,60,478035,476094,428934,177110,24391,4404,498,261,148,15994,7,4,1,49101,226211
smoke-x86,cpu,reuse,1,61,0,61,435679,433724,359091,190679,24237,4494,619,287,141,43309,7,4,1,76588,267267
smoke-x86,cpu,reuse,1,62,0,62,452218,450364,400870,172175,24421,4287,529,247,164,18428,7,4,1,51348,223523
smoke-x86,cpu,reuse,1,63,0,63,401929,399939,348400,184152,24497,4380,523,283,152,20317,7,4,1,53529,237681
smoke-x86,cpu,reuse,1,64,0,64,390828,388929,340852,172183,24321,4452,645,267,146,16777,7,4,1,49976,222159
smoke-x86,cpu,reuse,1,65,0,65,432396,430499,374480,205751,24396,4358,575,267,162,24856,7,4,1,57916,263667
smoke-x86,cpu,reuse,1,66,0,66,419612,416426,365914,191039,24569,8722,726,349,242,13533,7,4,1,53698,244737
smoke-x86,cpu,reuse,1,67,0,67,464896,461028,386226,203830,37868,8742,808,470,311,23844,7,4,1,78670,282500
smoke-x86,cpu,reuse,1,68,0,68,457016,453722,384048,195584,39888,8454,926,423,224,17118,7,4,1,72968,268552
smoke-x86,cpu,reuse,1,69,0,69,425899,422737,354364,185687,42338,8255,833,371,215,13896,7,4,1,71535,257222
smoke-x86,cpu,reuse,1,70,0,70,478255,474971,399902,202482,39988,8476,856,351,227,22673,7,4,1,78353,280835
smoke-x86,cpu,reuse,1,71,0,71,497455,480365,396793,197645,44750,9687,994,439,222,24478,7,4,1,100662,298307
smoke-x86,cpu,reuse,1,72,0,72,427747,425348,375836,193162,25331,5124,534,277,159,16171,7,4,1,51911,245073
smoke-x86,cpu,reuse,1,73,0,73,480161,476995,423979,177892,25007,9367,810,397,250,14884,7,4,1,56182,234074
smoke-x86,cpu,reuse,1,74,0,74,541404,538327,456434,234294,40366,8896,891,843,293,27740,7,4,1,84970,319264
smoke-x86,cpu,reuse,1,75,0,75,512415,508731,416381,213415,39967,8750,841,352,201,39888,7,4,1,96034,309449
smoke-x86,cpu,reuse,1,76,0,76,570881,567711,480604,226161,39772,8935,834,403,187,34437,7,4,1,90277,316438
smoke-x86,cpu,reuse,1,77,0,77,478438,475402,396649,198319,40611,8535,807,355,227,25643,7,4,1,81789,280108
smoke-x86,cpu,reuse,1,78,0,78,503019,500268,410707,214300,45576,8627,805,368,187,31160,7,4,1,92312,306612
smoke-x86,cpu,reuse,1,79,0,79,498810,495817,414336,221943,39842,8299,807,343,199,29824,7,4,1,84474,306417
smoke-x86,cpu,reuse,1,80,0,80,599759,596756,480508,262943,39912,19813,835,369,185,52735,7,4,1,119251,382194
smoke-x86,cpu,reuse,1,81,0,81,524498,521583,428915,221444,39862,8298,697,359,197,41087,7,4,1,95583,317027
smoke-x86,cpu,reuse,1,82,0,82,515044,512378,422297,229925,39783,8307,816,365,188,38455,7,4,1,92747,322672
smoke-x86,cpu,reuse,1,83,0,83,704980,701804,623814,305386,40150,8452,751,379,332,25155,7,4,1,81166,386552
smoke-x86,cpu,reuse,1,84,0,84,517423,514352,430681,227855,40210,8374,755,360,186,30901,7,4,1,86742,314597
smoke-x86,cpu,reuse,1,85,0,85,638679,634886,547448,256029,44090,6535,1059,447,215,32425,7,4,1,91231,347260
smoke-x86,cpu,reuse,1,86,0,86,763851,760669,699049,307479,25117,7079,909,342,183,24797,7,4,1,64802,372281
smoke-x86,cpu,reuse,1,87,0,87,584919,581234,504257,272376,40527,9787,977,407,277,21689,7,4,1,80662,353038
smoke-x86,cpu,reuse,1,88,0,88,615988,611853,517484,286325,48194,8906,1042,475,229,32195,7,4,1,98504,384829
smoke-x86,cpu,reuse,1,89,0,89,938875,934607,858250,202076,26306,9968,1275,517,311,34185,7,4,1,80625,282701
smoke-x86,cpu,reuse,1,90,0,90,503813,500126,422411,222381,37245,9465,934,436,227,26035,7,4,1,81402,303783
smoke-x86,cpu,reuse,1,91,0,91,520716,517168,454285,191323,27069,7699,1022,375,253,23588,7,4,1,66431,257754
smoke-x86,cpu,reuse,1,92,0,92,572953,569124,502516,209287,26162,9861,882,462,247,26000,7,4,1,70437,279724
smoke-x86,cpu,reuse,1,93,0,93,618114,613102,523442,250332,46294,8949,993,410,562,28806,7,4,1,94672,345004
smoke-x86,cpu,reuse,1,94,0,94,513575,510479,433387,185223,32765,7438,716,328,200,33051,7,4,1,80188,265411
smoke-x86,cpu,reuse,1,95,0,95,522264,519042,449906,210103,32232,7735,695,384,203,25534,7,4,1,72358,282461
smoke-x86,cpu,reuse,1,96,0,96,477780,474785,419579,196037,26351,7558,882,367,227,17460,7,4,1,58201,254238
smoke-x86,cpu,reuse,1,97,0,97,467040,464126,373572,163131,25945,7087,554,402,211,54199,7,4,1,93468,256599
smoke-x86,cpu,reuse,1,98,0,98,471102,468061,397014,184982,32937,7102,694,397,210,27304,7,4,1,74088,259070
smoke-x86,cpu,reuse,1,99,0,99,446656,442468,381764,184755,29992,9811,841,471,286,16535,7,4,1,64892,249647
smoke-x86,cpu,reuse,2,0,1,0,671826,665639,560212,303767,34328,10177,1121,462,307,50766,7,4,1,111614,415381
smoke-x86,cpu,reuse,2,1,1,1,562887,559218,464204,221413,44705,9790,860,502,226,35220,7,4,1,98683,320096
smoke-x86,cpu,reuse,2,2,1,2,610502,606526,518168,244633,40137,10691,1230,555,216,31494,7,4,1,92334,336967
smoke-x86,cpu,reuse,2,3,1,3,571117,567967,483169,210516,47097,9030,1009,400,238,24524,7,4,1,87948,298464
smoke-x86,cpu,reuse,2,4,1,4,619499,616757,471487,204614,39859,9638,686,360,192,92075,7,4,1,148012,352626
smoke-x86,cpu,reuse,2,5,1,5,597248,594520,461363,213390,40302,9386,680,358,188,79976,7,4,1,135885,349275
smoke-x86,cpu,reuse,2,6,1,6,556816,553669,488158,215653,26794,7287,951,314,204,27047,7,4,1,68658,284311
smoke-x86,cpu,reuse,2,7,1,7,487093,484347,412533,171630,27559,7366,784,333,195,33124,7,4,1,74560,246190
smoke-x86,cpu,reuse,2,8,1,8,589014,585861,528828,209749,25291,7916,976,434,207,19696,7,4,1,60186,269935
smoke-x86,cpu,reuse,2,9,1,9,513082,509104,444319,181346,26178,8427,908,478,233,25479,7,4,1,68763,250109
smoke-x86,cpu,reuse,2,10,1,10,506294,503284,438114,182029,31772,7488,770,348,202,22041,7,4,1,68180,250209
smoke-x86,cpu,reuse,2,11,1,11,435276,432336,374359,173897,26526,7798,626,399,218,20032,7,4,1,60917,234814
smoke-x86,cpu,reuse,2,12,1,12,537767,534120,473286,225091,26788,8399,937,450,231,21337,7,4,1,64481,289572
smoke-x86,cpu,reuse,2,13,1,13,497868,494510,422478,175454,33049,7233,799,442,225,27797,7,4,1,75390,250844
smoke-x86,cpu,reuse,2,14,1,14,512102,509285,450383,166015,32872,6973,773,355,206,15780,7,4,1,61719,227734
smoke-x86,cpu,reuse,2,15,1,15,514891,512108,448070,191356,32760,7187,813,360,234,20571,7,4,1,66821,258177
smoke-x86,cpu,reuse,2,16,1,16,495922,492468,435219,184825,25271,7642,817,453,216,19800,7,4,1,60703,245528
smoke-x86,cpu,reuse,2,17,1,17,510581,507319,439998,185610,25909,7478,831,425,224,30197,7,4,1,70583,256193
smoke-x86,cpu,reuse,2,18,1,18,541507,537971,474245,190385,26628,8471,1133,450,225,23970,7,4,1,67262,257647
smoke-x86,cpu,reuse,2,19,1,19,532544,528800,456936,200418,39262,11223,840,413,245,16865,7,4,1,75608,276026
smoke-x86,cpu,reuse,2,20,0,20,555045,551927,470571,208921,45948,8776,1009,409,185,22273,7,4,1,84474,293395
smoke-x86,cpu,reuse,2,21,0,21,625072,622193,543242,219883,39848,8558,886,360,197,26697,7,4,1,81830,301713
smoke-x86,cpu,reuse,2,22,0,22,602675,599423,526479,231207,39828,9086,1013,456,192,19727,7,4,1,76196,307403
smoke-x86,cpu,reuse,2,23,0,23,3676951,3673167,3593196,278645,40291,8393,1319,587,259,25887,7,4,1,83755,362400
smoke-x86,cpu,reuse,2,24,0,24,504659,500749,432410,192149,26612,7380,638,405,205,30071,7,4,1,72249,264398
smoke-x86,cpu,reuse,2,25,0,25,514138,511344,459079,182384,27347,5456,750,367,193,15956,7,4,1,55059,237443
smoke-x86,cpu,reuse,2,26,0,26,498671,495510,441586,187104,26891,7428,811,402,250,15681,7,4,1,57085,244189
smoke-x86,cpu,reuse,2,27,0,27,506441,503790,447893,174974,28280,7663,670,388,205,16387,7,4,1,58548,233522
smoke-x86,cpu,reuse,2,28,0,28,526088,522471,468660,208281,26488,7838,895,540,232,15043,7,4,1,57428,265709
smoke-x86,cpu,reuse,2,29,0,29,592875,589825,502948,218061,48102,9831,1002,404,198,24486,7,4,1,89927,307988
smoke-x86,cpu,reuse,2,30,0,30,597676,594871,502432,220308,41060,9294,744,382,198,38158,7,4,1,95244,315552
smoke-x86,cpu,reuse,2,31,0,31,622993,620143,532743,248598,40802,9199,1106,399,226,33195,7,4,1,90250,338848
smoke-x86,cpu,reuse,2,32,0,32,630865,628038,532866,234628,52362,8925,717,362,217,30194,7,4,1,97999,332627
smoke-x86,cpu,reuse,2,33,0,33,632455,629604,533604,244080,40728,8861,784,431,229,42048,7,4,1,98851,342931
smoke-x86,cpu,reuse,2,34,0,34,629976,626933,531283,231586,40810,8809,824,395,200,41973,7,4,1,98693,330279
smoke-x86,cpu,reuse,2,35,0,35,572830,569915,490887,234779,39719,8550,833,376,263,27019,7,4,1,81943,316722
smoke-x86,cpu,reuse,2,36,0,36,634221,631485,550318,224236,39835,8383,871,368,201,29238,7,4,1,83903,308139
smoke-x86,cpu,reuse,2,37,0,37,597872,594131,517694,227676,39424,15171,1048,437,235,17421,7,4,1,80178,307854
smoke-x86,cpu,reuse,2,38,0,38,641168,637252,544193,257710,40582,9968,873,458,280,37490,7,4,1,96975,354685
smoke-x86,cpu,reuse,2,39,0,39,550609,547716,480972,218033,40221,8557,901,399,207,14021,7,4,1,69637,287670
smoke-x86,cpu,reuse,2,40,0,40,565692,563033,469016,204526,39906,8219,837,341,186,42242,7,4,1,96676,301202
smoke-x86,cpu,reuse,2,41,0,41,790810,786811,694765,413837,41316,9584,903,495,249,36268,7,4,1,96045,509882
smoke-x86,cpu,reuse,2,42,0,42,546604,543466,460544,201054,41117,8503,955,449,194,29049,7,4,1,86060,287114
smoke-x86,cpu,reuse,2,43,0,43,561341,558554,475297,213594,40701,8380,941,360,211,30173,7,4,1,86044,299638
smoke-x86,cpu,reuse,2,44,0,44,634112,631105,534229,264993,41277,15877,1092,382,208,35516,7,4,1,99883,364876
smoke-x86,cpu,reuse,2,45,0,45,533356,528447,452610,203629,34848,8075,1070,494,542,28220,7,4,1,80746,284375
smoke-x86,cpu,reuse,2,46,0,46,520113,517090,444610,209734,40176,7702,794,394,213,21180,7,4,1,75503,285237
smoke-x86,cpu,reuse,2,47,0,47,524948,522192,438612,192889,34217,7036,712,371,221,39022,7,4,1,86336,279225
smoke-x86,cpu,reuse,2,48,0,48,473669,470907,414017,182717,33702,6685,674,345,208,13342,7,4,1,59652,242369
smoke-x86,cpu,reuse,2,49,0,49,473624,470780,399966,191285,33793,5448,659,399,226,28317,7,4,1,73658,264943
smoke-x86,cpu,reuse,2,50,0,50,446766,444741,398162,190154,25404,4505,642,307,156,14067,7,4,1,48604,238758
smoke-x86,cpu,reuse,2,51,0,51,424190,422309,374846,196824,25209,4536,510,259,177,15444,7,4,1,49344,246168
smoke-x86,cpu,reuse,2,52,0,52,429285,427284,378972,209528,25385,4432,572,275,155,16198,7,4,1,50313,259841
smoke-x86,cpu,reuse,2,53,0,53,563846,559838,477171,253097,35654,8447,881,473,237,32329,7,4,1,86675,339772
smoke-x86,cpu,reuse,2,54,0,54,496081,492923,423435,208635,34910,7574,907,397,222,23127,7,4,1,72646,281281
smoke-x86,cpu,reuse,2,55,0,55,494099,490342,414196,221891,35307,9281,1148,510,262,26912,7,4,1,79903,301794
smoke-x86,cpu,reuse,2,56,0,56,476723,473301,401946,206875,43128,7806,974,391,232,16311,7,4,1,74777,281652
smoke-x86,cpu,reuse,2,57,0,57,460254,457388,387271,182534,42655,7474,658,363,227,16554,7,4,1,72983,255517
smoke-x86,cpu,reuse,2,58,0,58,450862,447988,375570,200336,45073,8125,605,392,219,15922,7,4,1,75292,275628
smoke-x86,cpu,reuse,2,59,0,59,509299,506203,421395,220909,44492,8453,755,433,231,28249,7,4,1,87904,308813
smoke-x86,cpu,reuse,2,60,0,60,567391,563588,457562,243930,47689,9403,912,524,273,44392,7,4,1,109829,353759
smoke-x86,cpu,reuse,2,61,0,61,532523,527861,436431,234063,37070,9979,1055,471,285,39132,7,4,1,96092,330155
smoke-x86,cpu,reuse,2,62,0,62,487875,483675,405622,208593,40532,9495,899,518,227,23174,7,4,1,82253,290846
smoke-x86,cpu,reuse,2,63,0,63,623969,619334,541887,279336,36979,9169,846,525,334,26343,7,4,1,82082,361418
smoke-x86,cpu,reuse,2,64,0,64,597858,594110,501703,258817,35547,7965,953,497,223,44411,7,4,1,96155,354972
smoke-x86,cpu,reuse,2,65,0,65,460263,457024,395329,215777,35355,7490,919,410,271,14576,7,4,1,64934,280711
smoke-x86,cpu,reuse,2,66,0,66,494243,490521,423042,161983,35377,10936,963,487,254,16305,7,4,1,71201,233184
smoke-x86,cpu,reuse,2,67,0,67,537619,534386,451013,254682,42050,9118,827,429,208,27469,7,4,1,86606,341288
smoke-x86,cpu,reuse,2,68,0,68,457210,454399,398610,200534,26090,5511,822,287,156,20547,7,4,1,58600,259134
smoke-x86,cpu,reuse,2,69,0,69,470696,467709,415778,174760,25546,8070,814,321,177,14922,7,4,1,54918,229678
smoke-x86,cpu,reuse,2,70,0,70,560185,557199,501376,198610,25706,8454,729,358,195,17973,7,4,1,58809,257419
smoke-x86,cpu,reuse,2,71,0,71,558832,555082,458982,206314,42799,10351,933,498,250,38370,7,4,1,99850,306164
smoke-x86,cpu,reuse,2,72,0,72,541981,537539,454349,210884,37805,9663,871,479,253,30733,7,4,1,87632,298516
smoke-x86,cpu,reuse,2,73,0,73,495686,491518,413900,218286,37150,8616,949,448,280,26841,7,4,1,81786,300072
smoke-x86,cpu,reuse,2,74,0,74,576233,571978,455935,217702,37430,9222,919,464,309,64569,7,4,1,120298,338000
smoke-x86,cpu,reuse,2,75,0,75,637352,633122,546674,270692,35366,10946,1262,502,247,34404,7,4,1,90678,361370
smoke-x86,cpu,reuse,2,76,0,76,700368,696307,612500,291387,41152,9913,1034,553,283,27379,7,4,1,87868,379255
smoke-x86,cpu,reuse,2,77,0,77,548348,544947,470007,273674,35831,7629,833,381,240,27241,7,4,1,78341,352015
smoke-x86,cpu,reuse,2,78,0,78,427274,424297,353819,176228,34802,7339,646,364,211,24880,7,4,1,73455,249683
smoke-x86,cpu,reuse,2,79,0,79,508171,505014,427343,211966,35190,10013,786,445,219,28487,7,4,1,80828,292794
smoke-x86,cpu,reuse,2,80,0,80,648998,645895,565173,231522,41330,9658,810,402,199,25260,7,4,1,83825,315347
smoke-x86,cpu,reuse,2,81,0,81,564327,560663,484621,211064,41086,9538,775,462,245,21170,7,4,1,79706,290770
smoke-x86,cpu,reuse,2,82,0,82,493170,488911,407592,215553,42119,9573,890,454,251,24913,7,4,1,85578,301131
smoke-x86,cpu,reuse,2,83,0,83,524239,520385,451999,209439,38156,10255,860,420,229,15169,7,4,1,72240,281679
smoke-x86,cpu,reuse,2,84,0,84,575637,572135,481187,221428,41639,9153,989,447,245,35231,7,4,1,94450,315878
smoke-x86,cpu,reuse,2,85,0,85,552653,549062,462775,236964,34594,7595,1009,466,247,39596,7,4,1,89878,326842
smoke-x86,cpu,reuse,2,86,0,86,400167,397612,344609,165288,25615,5410,548,315,148,18946,7,4,1,55558,220846
smoke-x86,cpu,reuse,2,87,0,87,500852,497820,415731,210115,29940,9408,569,446,193,39104,7,4,1,85121,295236
smoke-x86,cpu,reuse,2,88,0,88,637377,633475,547198,253902,42162,10017,997,472,277,29113,7,4,1,90179,344081
smoke-x86,cpu,reuse,2,89,0,89,517305,512831,430986,205514,38029,9400,1198,433,272,28916,7,4,1,86319,291833
smoke-x86,cpu,reuse,2,90,0,90,582054,577392,479842,191335,40702,9712,945,720,322,41818,7,4,1,102212,293547
smoke-x86,cpu,reuse,2,91,0,91,572461,568975,482787,220067,41556,8762,994,434,200,31151,7,4,1,89674,309741
smoke-x86,cpu,reuse,2,92,0,92,551724,548955,472330,218983,40981,8839,923,378,194,22837,7,4,1,79394,298377
smoke-x86,cpu,reuse,2,93,0,93,518457,515563,438083,214890,41193,8770,739,364,260,23746,7,4,1,80374,295264
smoke-x86,cpu,reuse,2,94,0,94,554353,551549,468082,214964,41080,8598,703,376,265,29901,7,4,1,86271,301235
smoke-x86,cpu,reuse,2,95,0,95,585253,581768,485937,219677,41012,10836,782,420,303,39741,7,4,1,99316,318993
smoke-x86,cpu,reuse,2,96,0,96,550468,547316,453801,207869,41146,9157,937,392,190,38681,7,4,1,96667,304536
smoke-x86,cpu,reuse,2,97,0,97,474692,470561,405435,188625,27644,6334,752,331,247,27042,7,4,1,69257,257882
smoke-x86,cpu,reuse,2,98,0,98,454463,451421,373749,167103,26418,7141,705,386,222,40305,7,4,1,80714,247817
smoke-x86,cpu,reuse,2,99,0,99,432708,429902,371641,169996,26653,6980,602,357,205,21155,7,4,1,61067,231063
smoke-x86,cpu,reuse,3,0,1,0,646556,640111,496343,296432,36419,9954,5099,2813,406,66187,7,4,1,150213,446645
smoke-x86,cpu,reuse,3,1,1,1,594038,589389,496561,277888,43071,10205,935,716,305,33502,7,4,1,97477,375365
smoke-x86,cpu,reuse,3,2,1,2,538160,534876,435098,221480,40211,9552,966,447,195,45341,7,4,1,103062,324542
smoke-x86,cpu,reuse,3,3,1,3,525527,522602,438665,201716,40797,9074,943,389,186,29910,7,4,1,86862,288578
smoke-x86,cpu,reuse,3,4,1,4,506958,503531,418712,234094,40307,9936,773,405,219,30028,7,4,1,88246,322340
smoke-x86,cpu,reuse,3,5,1,5,975367,971304,876809,656440,40544,9584,891,423,317,39796,7,4,1,98558,754998
smoke-x86,cpu,reuse,3,6,1,6,563877,560154,451267,248395,50527,7276,1302,455,259,45683,7,4,1,112610,361005
smoke-x86,cpu,reuse,3,7,1,7,407971,405491,343659,189173,25465,6856,602,273,158,26371,7,4,1,64312,253485
smoke-x86,cpu,reuse,3,8,1,8,406778,404612,348582,179452,25583,5949,691,295,146,21536,7,4,1,58196,237648
smoke-x86,cpu,reuse,3,9,1,9,406979,404817,359622,194704,25763,4831,641,313,152,11654,7,4,1,47357,242061
smoke-x86,cpu,reuse,3,10,1,10,402867,400794,349003,168128,31835,5082,754,296,162,11671,7,4,1,53864,221992
smoke-x86,cpu,reuse,3,11,1,11,466807,464849,415872,191637,26881,4884,640,302,168,14304,7,4,1,50935,242572
smoke-x86,cpu,reuse,3,12,1,12,739489,736269,682440,458491,26355,8575,775,392,223,15278,7,4,1,57049,515540
smoke-x86,cpu,reuse,3,13,1,13,602475,597842,501661,231260,35313,8476,975,600,298,47125,7,4,1,100814,332074
smoke-x86,cpu,reuse,3,14,1,14,503849,500708,433900,193064,27372,7857,803,438,205,27645,7,4,1,69949,263013
smoke-x86,cpu,reuse,3,15,1,15,1630092,1625345,1477089,1234006,55184,9768,1353,654,361,76919,7,4,1,153003,1387009
smoke-x86,cpu,reuse,3,16,1,16,537779,533154,476574,208605,26363,9927,1585,598,275,13337,7,4,1,61205,269810
smoke-x86,cpu,reuse,3,17,1,17,473697,470125,404450,190344,26308,7450,805,535,269,27997,7,4,1,69247,259591
smoke-x86,cpu,reuse,3,18,1,18,422384,418680,352330,182728,27070,7893,893,446,235,26796,7,4,1,70054,252782
smoke-x86,cpu,reuse,3,19,1,19,865634,860333,753016,315464,44569,11929,1083,703,410,44482,7,4,1,112618,428082
smoke-x86,cpu,reuse,3,20,0,20,598942,591006,507845,210949,26049,5824,776,403,169,47188,7,4,1,91097,302046
smoke-x86,cpu,reuse,3,21,0,21,635173,631901,551293,261802,26432,16496,1107,392,218,33011,7,4,1,83880,345682
smoke-x86,cpu,reuse,3,22,0,22,621473,617892,522836,251806,41352,9348,924,489,215,39657,7,4,1,98637,350443
smoke-x86,cpu,reuse,3,23,0,23,642834,638697,552280,310213,41542,9585,1028,520,290,30100,7,4,1,90554,400767
smoke-x86,cpu,reuse,3,24,0,24,653726,650367,558867,263672,40778,9497,711,399,242,37352,7,4,1,94859,358531
smoke-x86,cpu,reuse,3,25,0,25,716025,712541,634123,338867,40732,9006,894,432,208,23955,7,4,1,81902,420769
smoke-x86,cpu,reuse,3,26,0,26,870094,866298,786066,414554,40866,10489,942,401,240,24710,7,4,1,84028,498582
smoke-x86,cpu,reuse,3,27,0,27,726931,723095,641811,325219,41515,9519,859,407,231,25239,7,4,1,85120,410339
smoke-x86,cpu,reuse,3,28,0,28,909985,906501,828656,380310,41911,9460,1125,378,200,21879,7,4,1,81329,461639
smoke-x86,cpu,reuse,3,29,0,29,1083067,1078756,1001778,370689,43410,8973,1228,487,340,19194,7,4,1,81289,451978
smoke-x86,cpu,reuse,3,30,0,30,881896,877702,803498,360994,33885,9335,1011,502,215,25281,7,4,1,78398,439392
smoke-x86,cpu,reuse,3,31,0,31,2540172,2534322,2457892,348858,36483,11297,1615,515,296,21504,7,4,1,82280,431138
smoke-x86,cpu,reuse,3,32,0,32,765707,760343,673424,304837,40008,9611,955,458,263,31113,7,4,1,92283,397120
smoke-x86,cpu,reuse,3,33,0,33,789619,784948,693099,345191,50775,8580,1035,643,335,25710,7,4,1,96520,441711
smoke-x86,cpu,reuse,3,34,0,34,561658,558429,490571,241270,39131,6049,719,404,216,18860,7,4,1,71087,312357
smoke-x86,cpu,reuse,3,35,0,35,588853,584135,519038,268499,37535,9354,1052,508,295,12644,7,4,1,69815,338314
smoke-x86,cpu,reuse,3,36,0,36,836660,832124,750723,352082,40286,8458,1179,561,272,26508,7,4,1,85937,438019
smoke-x86,cpu,reuse,3,37,0,37,748136,743784,674409,373314,37024,8212,946,611,262,18675,7,4,1,73727,447041
smoke-x86,cpu,reuse,3,38,0,38,483258,480662,423316,202968,26978,5097,502,296,162,22172,7,4,1,59942,262910
smoke-x86,cpu,reuse,3,39,0,39,450277,448443,403385,200669,25644,4350,443,240,146,12818,7,4,1,46892,247561
smoke-x86,cpu,reuse,3,40,0,40,514255,512215,464062,234687,25468,4380,522,247,154,15980,7,4,1,50193,284880
smoke-x86,cpu,reuse,3,41,0,41,455949,454085,409802,194833,25489,4667,398,295,195,11812,7,4,1,46147,240980
smoke-x86,cpu,reuse,3,42,0,42,418031,416044,362760,175473,24720,4297,488,288,167,21941,7,4,1,55271,230744
smoke-x86,cpu,reuse,3,43,0,43,408917,407007,354057,171664,25149,4471,563,266,149,20937,7,4,1,54860,226524
smoke-x86,cpu,reuse,3,44,0,44,454235,451785,394547,198337,24916,4277,970,358,208,24555,7,4,1,59688,258025
smoke-x86,cpu,reuse,3,45,0,45,481634,477802,404895,196820,33259,5913,722,1001,237,29781,7,4,1,76739,273559
smoke-x86,cpu,reuse,3,46,0,46,413296,411447,372461,175521,24683,4274,478,268,149,7831,7,4,1,40835,216356
smoke-x86,cpu,reuse,3,47,0,47,495241,493119,435859,203385,27121,5068,727,311,165,21940,7,4,1,59382,262767
smoke-x86,cpu,reuse,3,48,0,48,505637,503659,449954,205784,26991,4895,471,290,169,19293,7,4,1,55683,261467
smoke-x86,cpu,reuse,3,49,0,49,500269,498302,438892,236787,25815,5274,441,312,171,25816,7,4,1,61377,298164
smoke-x86,cpu,reuse,3,50,0,50,446275,444201,394941,195997,25980,4707,613,284,170,15757,7,4,1,51334,247331
smoke-x86,cpu,reuse,3,51,0,51,677916,674560,594426,299998,34721,8072,663,470,241,33543,7,4,1,83490,383488
smoke-x86,cpu,reuse,3,52,0,52,696222,692431,609043,331093,42520,9383,1094,495,240,26360,7,4,1,87179,418272
smoke-x86,cpu,reuse,3,53,0,53,631235,627207,557728,302938,35217,8512,833,412,259,21122,7,4,1,73507,376445
smoke-x86,cpu,reuse,3,54,0,54,686975,683801,615946,228119,36963,8141,911,396,212,18540,7,4,1,71029,299148
smoke-x86,cpu,reuse,3,55,0,55,564890,561897,495116,228630,32821,7339,1052,377,204,22624,7,4,1,69774,298404
smoke-x86,cpu,reuse,3,56,0,56,608398,604208,527724,287292,34826,8103,1313,674,365,27900,7,4,1,80674,367966
smoke-x86,cpu,reuse,3,57,0,57,599090,595090,535971,272882,32844,8264,735,487,242,13445,7,4,1,63119,336001
smoke-x86,cpu,reuse,3,58,0,58,577349,573092,498339,237092,36042,8134,701,404,202,26360,7,4,1,79010,316102
smoke-x86,cpu,reuse,3,59,0,59,588013,584291,522511,267793,33957,8170,798,465,216,15275,7,4,1,65502,333295
smoke-x86,cpu,reuse,3,60,0,60,2281211,2275748,1469194,885647,36382,8844,881,532,845,755483,7,4,1,812017,1697664
smoke-x86,cpu,reuse,3,61,0,61,703527,700088,629952,343768,35118,7891,864,437,251,23044,7,4,1,73575,417343
smoke-x86,cpu,reuse,3,62,0,62,591104,587278,508843,266933,36705,8099,888,554,229,28988,7,4,1,82261,349194
smoke-x86,cpu,reuse,3,63,0,63,634765,631392,565852,353612,37073,7377,785,453,248,17123,7,4,1,68913,422525
smoke-x86,cpu,reuse,3,64,0,64,510702,507750,433815,222065,34490,7449,860,354,227,28236,7,4,1,76887,298952
smoke-x86,cpu,reuse,3,65,0,65,481204,478451,416228,205384,37383,7175,832,350,256,14125,7,4,1,64976,270360
smoke-x86,cpu,reuse,3,66,0,66,496459,493686,421961,220876,37408,7135,697,351,211,23851,7,4,1,74498,295374
smoke-x86,cpu,reuse,3,67,0,67,484092,481410,419381,215754,38141,7292,622,346,221,13506,7,4,1,64711,280465
smoke-x86,cpu,reuse,3,68,0,68,506405,503775,441223,226627,38022,7239,730,352,203,13898,7,4,1,65182,291809
smoke-x86,cpu,reuse,3,69,0,69,533666,530931,460558,236855,39561,7390,825,350,224,19858,7,4,1,73108,309963
smoke-x86,cpu,reuse,3,70,0,70,510619,507814,442057,229778,35980,7484,678,400,233,18861,7,4,1,68562,298340
smoke-x86,cpu,reuse,3,71,0,71,500136,497209,437211,226311,34656,7522,820,400,252,14345,7,4,1,62925,289236
smoke-x86,cpu,reuse,3,72,0,72,432720,430366,361310,182441,35020,6757,513,329,222,24413,7,4,1,71410,253851
smoke-x86,cpu,reuse,3,73,0,73,470870,468207,413717,201482,35198,7361,729,361,235,8654,7,4,1,57153,258635
smoke-x86,cpu,reuse,3,74,0,74,477896,475245,414802,206983,35017,7133,648,347,224,15055,7,4,1,63094,270077
smoke-x86,cpu,reuse,3,75,0,75,472483,469859,418044,205289,35414,7149,733,333,262,6099,7,4,1,54439,259728
smoke-x86,cpu,reuse,3,76,0,76,487931,485292,428289,209079,36354,7132,575,360,223,10459,7,4,1,59642,268721
smoke-x86,cpu,reuse,3,77,0,77,463401,460702,394844,203411,36369,7524,651,382,230,18491,7,4,1,68557,271968
smoke-x86,cpu,reuse,3,78,0,78,431749,428516,364695,204369,35867,7526,760,397,241,16818,7,4,1,67054,271423
smoke-x86,cpu,reuse,3,79,0,79,416443,413690,348275,183507,35465,7037,739,356,250,19569,7,4,1,68168,251675
smoke-x86,cpu,reuse,3,80,0,80,490543,487640,415156,184965,35195,7114,628,355,228,26840,7,4,1,75387,260352
smoke-x86,cpu,reuse,3,81,0,81,528250,525583,455976,187379,35556,7112,620,370,217,23760,7,4,1,72274,259653
smoke-x86,cpu,reuse,3,82,0,82,629644,626772,556896,230952,35873,7485,633,392,225,23097,7,4,1,72748,303700
smoke-x86,cpu,reuse,3,83,0,83,1769376,1766368,1707220,540057,35072,7208,728,382,239,13138,7,4,1,62156,602213
smoke-x86,cpu,reuse,3,84,0,84,540102,537191,465041,217387,34348,7041,728,443,219,27009,7,4,1,75061,292448
smoke-x86,cpu,reuse,3,85,0,85,1189922,1187123,1132635,452919,33660,7071,791,381,244,10312,7,4,1,57287,510206
smoke-x86,cpu,reuse,3,86,0,86,888743,885888,810710,242655,33847,6982,718,396,213,30964,7,4,1,78033,320688
smoke-x86,cpu,reuse,3,87,0,87,6576752,6573874,6512708,5442111,33722,7628,776,367,249,16333,7,4,1,64044,5506155
smoke-x86,cpu,reuse,3,88,0,88,2715976,2712382,1664594,1271676,39563,8310,880,443,250,995703,7,4,1,1051382,2323058
smoke-x86,cpu,reuse,3,89,0,89,1043727,1039579,979261,460471,35155,7850,1012,479,297,13063,7,4,1,64466,524937
smoke-x86,cpu,reuse,3,90,0,90,836342,833152,744570,354146,35019,7863,847,424,225,41628,7,4,1,91772,445918
smoke-x86,cpu,reuse,3,91,0,91,613358,610336,545394,289346,28616,7804,909,414,270,24601,7,4,1,67964,357310
smoke-x86,cpu,reuse,3,92,0,92,651644,648595,579776,309849,34461,7434,784,455,228,23379,7,4,1,71868,381717
smoke-x86,cpu,reuse,3,93,0,93,544657,541740,468001,219600,34376,8008,770,418,264,27828,7,4,1,76656,296256
smoke-x86,cpu,reuse,3,94,0,94,656229,652686,584398,260259,33688,7047,824,416,237,23783,7,4,1,71831,332090
smoke-x86,cpu,reuse,3,95,0,95,761211,758243,669804,394779,33977,7137,583,374,234,44073,7,4,1,91407,486186
smoke-x86,cpu,reuse,3,96,0,96,590574,587596,513205,265400,34696,7319,729,359,218,28858,7,4,1,77369,342769
smoke-x86,cpu,reuse,3,97,0,97,555606,552675,480268,236575,35042,7481,728,381,211,26506,7,4,1,75338,311913
smoke-x86,cpu,reuse,3,98,0,98,1225695,1221979,1139948,417702,35922,9002,864,484,234,32962,7,4,1,85747,503449
smoke-x86,cpu,reuse,3,99,0,99,1472562,1468478,1392677,617924,35278,8352,748,505,238,27563,7,4,1,79885,697809
